be03251e-338b-42bf-9daa-99cf3aa890d9<%|%>Indicação de Parceiro (Luan) 
833f9164-ceb8-4997-9552-1e8d51609ca3<%|%>Prospecção ativa
9bc9f1ca-f3ab-4f9c-ae64-1fea53dc9bb5<%|%>Prospecção ativa
1c397757-78b9-46e0-9419-187e14cce785<%|%>Prospecção ativa
ef8a3076-8374-45f0-be20-2cffffcc2f77<%|%>Prospecção ativa
cf4698fd-a1ce-44eb-9e0e-8034eb9b290a<%|%>Prospecção ativa
82a26a13-3473-4fa0-8ca1-61725fcfc06a<%|%>Prospecção ativa
b6f20c3f-eba3-45fd-95d3-01de3af46c31<%|%>Prospecção ativa
9340cd76-191b-47dd-affe-34294b7383a0<%|%>Prospecção ativa
b6636c5b-5fd5-4aff-9770-342502ba1ef9<%|%>Indicacao de parceiro
765bd5b4-bb87-482e-bd8a-97a581c4ab6b<%|%>Prospecção ativa
4079774f-ab2c-499f-bba2-9aefe5d88028<%|%>Prospecção ativa
ac384989-71f6-4408-8972-c258a9113594<%|%>Indicação de Parceiro (Luan)
dbcd1d98-e47e-48e5-8f42-50ad087ee7f9<%|%>Prospecção ativa
20e874c4-6670-4b51-9ea0-7e816c51400f<%|%>Prospecção ativa
2ec2baad-87b3-4e61-a4a5-c6342ac0b063<%|%>Prospecção ativa
23ac23eb-5cfd-4903-bb18-cb90e51d469a<%|%>Prospecção ativa
beb4811c-b3e3-44c2-82cc-410d7190a0a6<%|%>Prospecção ativa
704f0cb8-f2d1-4556-a320-1bf7a95fb888<%|%>Indicação de Parceiro (Luan)
5ce909ff-f8c0-41b8-a7c8-4a7335f1d7b5<%|%>Leads de Parceiros
b12a1fce-faee-4e02-9eb4-6625101afc85<%|%>Prospecção ativa
354f2e45-c517-4ce1-b675-eb8ff2b0e6fd<%|%>Prospecção ativa
c6e7d30f-8b7d-4c2c-95cb-c8aa10bd455f<%|%>Prospecção ativa
01504488-ada4-4f1d-ace2-2e8294dc3cb9<%|%>Prospecção ativa
a8f98515-9f5e-49a2-a8e0-d4567300d21e<%|%>Prospecção ativa
7963163c-7cc1-4c75-8d15-a87d3559a694<%|%>Prospecção ativa
4ab38260-9fea-463c-b110-567386280ae8<%|%>Prospecção ativa
dcc6e12b-432d-456a-a994-773c3a4abc24<%|%>Indicação de Parceiro (Luan)
07c60df6-cc07-4913-ad63-0f096efd1e67<%|%>Indicação de parceiro (Edson)
02ede765-cdde-4f85-9799-3dc57a913272<%|%>Prospecção ativa
2d87e38a-08a2-490e-9214-a26432b29047<%|%>Prospecção ativa
eb461f38-1a6f-4b88-ad38-00fb3c1fff06<%|%>Prospecção ativa
2232f519-dce1-4201-bf0a-8e393e5cd9a6<%|%>Indicação de Parceiro (Luan)
3acf810a-b508-4579-a6e5-2a66c4073978<%|%>Prospecção ativa
06f4c7b0-2fa6-410a-89a1-1725465c106a<%|%>Prospecção ativa
93f62eca-b215-476e-9aba-5de5010d0516<%|%>Prospecção ativa
639bd86b-2a98-45c5-9ba4-723835cd38d4<%|%>Prospecção ativa
8f7e4778-f189-4e61-994c-ec697ec13b2e<%|%>Prospecção ativa
637d1f7e-2304-4e34-b19a-3edee13a2280<%|%>Prospecção ativa
644c9e95-1ede-4d5b-a33b-ac5506b971ce<%|%>Indicação de Parceiro (Luan)
55c3eac4-7d22-4915-848f-c7c96121d433<%|%>Prospecção ativa
e10552df-86a8-41c7-8f10-7e0013bea0f4<%|%>Prospecção ativa
b0994a69-850d-45a0-9e16-a6892c0b3807<%|%>Prospecção ativa
56ffa5cb-edf5-4586-8fb6-8f92fd48a1bc<%|%>Prospecção ativa
22a693bd-875a-4623-b7f0-59c2c2301f24<%|%>Prospecção ativa
4a47b00a-fd67-4ff4-8b10-d10c73e64534<%|%>Prospecção ativa
cccb98c5-0cde-4a95-bebc-837555615894<%|%>Prospecção ativa
5057ee92-042d-4be2-bda7-5524ee3e4745<%|%>Prospecção ativa
978de8ee-c829-4dd8-a10b-614f87cc40fd<%|%>Prospecção ativa
9a6e1d8e-da3b-4952-908a-af1d0cc0334b<%|%>Prospecção ativa
5e21a346-bd53-4bf8-b5f0-6525d23a94a9<%|%>Indicação de Parceiro (Luan)
8ec855ad-866e-40b8-b72e-8da806deaed8<%|%>Prospecção ativa
e7276700-b2d5-4d4a-b84e-2e3e90891145<%|%>Prospecção ativa
a3732364-6368-425a-bf84-8a435f459634<%|%>Prospecção ativa
9124901b-9e35-4769-976d-1f070aea789c<%|%>Prospecção ativa
418ed78d-883a-45b8-98dd-958dcf03c3c4<%|%>Prospecção ativa
24f971e4-c7a7-4ca5-afd2-f3b37079e487<%|%>Prospecção ativa
b3e7f6e3-cd84-44a1-9283-adfa6cd98309<%|%>Prospecção ativa
0d02a2e5-ebbc-4066-9805-07d437d64eb5<%|%>Prospecção ativa
0b3340c7-2843-4126-8988-89051c7b4c55<%|%>Prospecção ativa
bb8d0be5-93f4-4027-8027-4173791bbfae<%|%>Indicação de Parceiro (Luan)
8ddbe1e9-44d5-4ee3-81ac-0741d1d4684d<%|%>Leads de Parceiros
fa8fe0de-fcd3-4a7b-89cf-2cd052c8c017<%|%>Leads de Parceiros
ae7641fb-ecff-45b1-8806-1bee11ecd74d<%|%>Prospecção ativa
744a67d4-4cb2-406e-89b7-ae86d7bc9536<%|%>Prospecção ativa
8616cd9c-086f-47f3-a7f0-dc81fb0c9fa3<%|%>Leads de Parceiros
99922587-2564-4bda-b9b0-a72742198137<%|%>Indicação de Parceiro (Luan)
54b535f8-85dc-4d95-8d95-63a53821b4fa<%|%>Prospecção ativa
4d8f5686-303a-450a-9792-bcad252fa2c6<%|%>Prospecção ativa
ad31c375-f2fb-4995-9ee9-7b30f8007697<%|%>Prospecção ativa
15b61bd4-d5d8-45d7-bcc9-9d801e841581<%|%>Indicacao / WhatsApp
83f7b8a8-3cf5-440d-bfcb-5c2f5dfcd33e<%|%>Leads de Parceiros
80b22b0e-c08c-4fb6-9dfe-cfd62d314681<%|%>Leads de Parceiros
30b744b8-3a0c-4f6d-a423-3484f1a2b4ab<%|%>Prospecção ativa
71e22c21-f5eb-4192-b8fd-31f56f4f3744<%|%>Indicação de Parceiro (Luan)
d70f0c7f-1e37-4b21-9842-6862dbad731f<%|%>Prospecção ativa
9e81a9c8-2640-47fa-a360-f2da24cc6043<%|%>Prospecção ativa
bd3f764a-897a-4f44-b62a-a093ebc159ea<%|%>Prospecção ativa
6ddb4b33-2f2b-49de-a2fb-fd396312126d<%|%>Prospecção ativa
9985e186-b157-495f-85aa-5c3293be12ba<%|%>Prospecção ativa
0fe27b4b-23d8-4e2f-a858-e8e2b035feb0<%|%>Prospecção ativa
c84218df-e331-44c9-8647-e37236070a83<%|%>Prospecção ativa
9228ded6-3504-4e53-8855-28d146404a21<%|%>Prospecção ativa
b82d3e88-8d7b-446c-bab9-f960ce2c0aa8<%|%>Prospecção ativa
fb25ae8b-e89e-422d-a48d-c52ebbb0dc8d<%|%>Indicação de Parceiro (Luan)
1784cc71-9b4e-4184-82b4-354aa481df97<%|%>Prospecção ativa
a1492b7a-a3d3-4c41-a4c7-5459a91cd9ab<%|%>Prospecção ativa
d889e4ce-c805-406a-9392-5cd8b2096869<%|%>Venda Ernandes
4a4b40da-c52a-482c-955f-73157696acd7<%|%>Indicação de Parceiro (Luan)
5d3236a0-431b-4418-b025-02b114cb5999<%|%>Prospeccao ativa
78f40ac4-8fff-4068-95fe-cbfb04eda2bf<%|%>Prospecção ativa
354a2bbf-b32b-4146-a44e-e3bd00fc7299<%|%>Prospecção ativa
a10a6e88-404a-4cdb-b7a4-d46e1abd370a<%|%>Prospecção ativa
567e75c9-b981-4ad4-93b5-54eb3529b447<%|%>Indicação de parceiro (Edson)
bb0f30aa-14f9-4265-9668-6ec9787a27db<%|%>Prospeccao ativa
60ea7a27-144b-41d6-a577-f843e8b004f5<%|%>Prospecção ativa
6e095275-bc8c-4d27-a746-38b74dc711e6<%|%>Indicação de Parceiro (Luan)
0e515989-c1ec-477c-877b-976c2a67d02c<%|%>Prospecção ativa
d29a4ab1-5d1a-4682-bf33-1d54cfed68c9<%|%>Prospecção ativa
11eef568-5aaf-4e98-b6ed-9cabc8253d88<%|%>Prospecção ativa
bcfd56e1-d4b1-4f04-87b7-de6ca850bfc3<%|%>Prospecção ativa
f905d0d8-e447-4846-9368-f52a1f1ccc0c<%|%>Prospecção ativa
3a1d3eba-c776-43c7-b0d5-03ded9fc5eb0<%|%>Prospecção ativa
b65075fc-67de-4827-8355-4c8b3c0361b0<%|%>Indicação de Parceiro (Luan)
ebb09a64-93cd-4653-a138-d53699a26f4b<%|%>Prospeccao ativa
799d4ccb-5b9c-4d2b-a38a-a6fec644c768<%|%>Prospeccao ativa
6783ac31-4003-4795-8bc7-ba133d36879a<%|%>Prospecção ativa
11ee53a8-96fe-4717-a17f-3d3e396bf9b6<%|%>Prospecção ativa
66a68e45-8aa2-4946-91fb-e36747017193<%|%>Prospecção ativa
7bed1d6a-70b8-4ab6-8247-d093778aff12<%|%>Prospecção ativa
d02cb565-4c0b-44e1-80a1-a6610859263f<%|%>Prospecção ativa
f7bae005-cb1b-4732-823a-dbfdb271c635<%|%>
6edc54d6-f00b-438f-8ae6-ce61ea314e23<%|%>Indicação de Parceiro (Luan)
531eee56-4a4e-44e5-8668-db0af27c97d1<%|%>Prospeccao ativa
315b156d-c8e4-4d93-964a-ae0f276fe0ef<%|%>Prospecção ativa
bc2d2fea-048e-422c-a722-7c1d931f12ee<%|%>Prospecção ativa
ee3ad982-7771-44f5-93ae-f1256d9d054b<%|%>Prospecção ativa
c64d4928-af48-4bf4-a98a-e65c3acbe436<%|%>Prospecção ativa
260a5c59-a24b-4a99-99b7-e6abb49f0b02<%|%>Prospecção ativa
d346beed-7585-4a54-909b-dd0b3aa00bc9<%|%>Prospecção ativa
41122651-3047-4d0f-92ce-6bfb6cf8c28c<%|%>Prospecção ativa
81481972-73bc-4c83-a57a-3c5a47240449<%|%>Prospecção ativa
bf57e801-9209-4f36-9928-61514d673402<%|%>Indicação de parceiro (Edson)
00a5c56c-0cf9-4a17-9dd6-7eeab79d04ef<%|%>Indicação de Parceiro (Luan)
bd0d1fa7-6268-4029-a82b-37ec753ecb2e<%|%>Prospecção ativa
754be585-edf8-4353-99d2-3853eb0471d8<%|%>Prospecção ativa
3862f7f7-a947-427b-9f7a-6b7dd0c6dfad<%|%>Prospecção ativa
fd81fccc-7281-4ed4-a76e-fa9de59c614e<%|%>Prospecção ativa
dff1b079-5dba-4d5a-992a-a35d7872a766<%|%>Prospecção ativa
0a453b2b-d8e1-48af-a68d-c4d3fe4ffab2<%|%>Prospecção ativa
17d0f540-4f92-44a7-967b-fabec257d172<%|%>Prospeccao ativa
6bac706d-1ff3-46ab-b571-9587c08c460c<%|%>Prospecção ativa
b81f1d79-1055-4292-b151-ebbac9cdd656<%|%>Prospecção ativa
58b3554d-7750-4126-b2db-a49ab6eb7d0e<%|%>Prospecção ativa
5b88ccac-44b0-41c9-8d51-56aea18992e8<%|%>Prospecção ativa
da055bb9-b31d-4a56-a949-3bf23c1c33ae<%|%>Prospecção ativa
19eaa891-d0a6-46c8-9976-74046757d902<%|%>Prospecção ativa
53feb233-fe1e-4b49-ad4d-6841d709eb22<%|%>Prospecção ativa
e2dae9ee-91f1-493c-baf1-95ca68a79f42<%|%>Indicação de Parceiro (Luan)
cbbc32fa-86b0-4027-9a6f-964a6d5bc30e<%|%>Prospecção ativa
045f30c1-1b34-4f5d-ab01-6b5858b4eef0<%|%>Prospecção ativa
33c2a78a-f76a-4c36-9449-b9c1e63357c0<%|%>Prospecção ativa
931329e6-2c1e-49b3-93da-8d2d6d208497<%|%>Prospecção ativa
445609ea-3ae2-4bdc-b8d2-95c7d0628908<%|%>Prospecção ativa
41e3acce-afde-4a7b-be1b-f8adf83c121c<%|%>Prospecção ativa
38508b89-7800-457f-8e8b-5c2c0da4802b<%|%>Prospecção ativa
949aabfd-2b39-48ea-abd1-96b3ac4ba44a<%|%>Prospecção ativa
60380b12-065a-4ead-893a-64eff956ebf6<%|%>Prospecção ativa
46864005-a10c-48f4-bea5-43c092d500f1<%|%>Indicação de parceiro (Edson)
f5027b62-57ca-4787-94f5-4623d2d62f59<%|%>Prospeccao ativa
8f06014f-7419-4121-b1d4-7feab4f1850d<%|%>Indicação de Parceiro (Luan)
62661534-7d3b-42dd-86a8-6c862dfea03a<%|%>Prospecção ativa
fa366327-727c-4beb-a500-94296c093293<%|%>Prospecção ativa
90b01061-f9c9-4be8-a282-efae246c4f28<%|%>Prospecção ativa
552194c2-bf92-4ecd-a3d8-1180bbc1e56c<%|%>Prospecção ativa
194ec9b6-516d-4fea-8ba0-92f9b4bb06fe<%|%>Prospecção ativa
0f13c6e0-dc9f-48a7-830d-1978bb102b3a<%|%>Prospecção ativa
98b7648e-61c4-41fb-8a8f-9bb26eacb6a0<%|%>Prospecção ativa
e47d2c08-9c45-4744-a575-0f46236e2c60<%|%>Indicação de Parceiro (Luan)
d6ce4c85-6e65-4532-aed2-0674cc9b6937<%|%>Prospeccao ativa
a5ab874d-abb6-48f2-89c8-e56ebd23934f<%|%>Prospecção ativa
9db5992b-a149-45f9-8efa-f9c1cdd2b928<%|%>Prospecção ativa
5e86497f-fd3d-40b1-9466-253a036d1aa6<%|%>Prospecção ativa
586cb226-1c8c-4671-bc63-0ffd263810da<%|%>Prospecção ativa
cd14c411-9a4c-42dc-a040-adacb118ebeb<%|%>Prospecção ativa
d39fea6b-c5ac-490f-9f0f-9bb3a4c99206<%|%>Prospecção ativa
f7cc55ee-6279-4dd2-a925-25c1a68fbdd7<%|%>Prospecção ativa
456833ea-bb0c-4b2b-ab7b-9acefaafbfef<%|%>Prospecção ativa
969a21ef-6681-43fa-ae3b-bedf9f22c205<%|%>Prospecção ativa
e3c7e839-6618-477e-92c7-c8ff7e39ff97<%|%>Prospecção ativa
1eb035bc-8488-46c5-8706-211ee491139a<%|%>Prospecção ativa
17274b73-690d-41bb-8fcb-ae8c0cfca121<%|%>Indicação de Parceiro (Luan)
1f536ea6-34f6-4fc0-8ca4-0a3bf1d09109<%|%>Prospecção ativa
76e8ea6c-e81d-4848-964e-3a1a5536496d<%|%>Prospecção ativa
fb5f63fc-ee19-46ea-b5ff-a3411a05c539<%|%>Prospecção ativa
67cc086d-75a5-47f9-bba6-c91afce3a6c9<%|%>Prospecção ativa
c7f8097e-77eb-4a77-9d1d-b02fff67e78f<%|%>Prospecção ativa
07dc6930-2432-4e2d-859d-7e081cb4e0df<%|%>Prospecção ativa
6f8bd5ac-ff2e-46b0-b79d-afa58338a56b<%|%>Prospecção ativa
64168316-5058-410c-a2f6-487c56ad0b3d<%|%>Prospecção ativa
dc1d73d8-484e-4861-ab6e-409c5c217446<%|%>Indicação de Parceiro (Luan)
f6de4bbd-14d3-49bb-9c8e-c1ac710ed506<%|%>Leads de Parceiros
1abb2d11-e937-4f7a-b78d-83394a35ac1b<%|%>Prospeccao ativa
f003f49c-afd1-430b-a3d4-d8da1f87e181<%|%>Prospeccao ativa
fec42cad-7ccb-478e-8023-bd919eb5a7b9<%|%>Prospecção ativa
106bf319-ca44-42c6-bd5a-59d1218e88e7<%|%>Prospecção ativa
81784a4c-a5ad-4edc-be4d-b3ac883b30d7<%|%>Prospecção ativa
926498d9-51c9-4b56-a4f1-9dce89fb4ecf<%|%>Prospecção ativa
5c7417cd-d5b5-4349-8c8a-978463035cdb<%|%>Prospecção ativa
e2e9436d-7a99-4109-a6fb-f7926a34d437<%|%>Prospecção ativa
5eb69bdc-e578-47d0-9614-512b83cea946<%|%>Prospecção ativa
e7fc10c3-2ddf-46ab-8018-a45ef70bf88c<%|%>Indicação de Parceiro (Luan)
bdb60c7e-e81f-4d51-b429-45c460652168<%|%>Prospecção ativa
49a23a57-af42-4f89-bda9-9afd2c11d0b6<%|%>Prospecção ativa
eae70705-cb06-453a-90f6-fa062a91f361<%|%>Prospecção ativa
c3930d9f-f795-498b-b083-964936a15c8b<%|%>Prospecção ativa
f131ebfd-b8dc-4fde-8d9c-12199f6e4276<%|%>Indicação de parceiro (Edson)
9dcfa768-5742-4b7e-be5f-0b9988fb7687<%|%>Indicação de parceiro (Edson)
8f16d1c8-b5c4-4811-905f-fc07117ac137<%|%>Indicacao de parceiro
c981fb18-022d-47ca-9841-a21ea2d93ad7<%|%>Leads de Parceiros
af707edc-e55a-469b-9c31-0cec7d6340e3<%|%>Leads de Parceiros
ecf944da-acec-40d1-9e4e-e555759f0264<%|%>Leads de Parceiros
252dbf93-bbbe-4d62-9d63-e90c5effc613<%|%>Leads de Parceiros
b3875264-6187-4248-802d-12fe19e0804b<%|%>Indicação de parceiro (Edson)
d96cb07c-b395-41aa-b130-a1e8f7d96264<%|%>Leads de Parceiros
e2a95452-14a0-4eb9-bd17-afafd16c1876<%|%>Indicação de parceiro (Edson)
a88838dd-f905-47f8-accf-cd22951df54a<%|%>Indicação de parceiro (Edson)
4a89edf7-1606-4afc-9d4d-960142796e94<%|%>Indicação de Parceiro (Luan)
cc13d995-81ca-4899-ab1b-08974d972eba<%|%>Indicação de parceiro (Edson)
65cadb6f-8d2d-49c3-a721-22ce7d16f004<%|%>Leads de Parceiros
f309ef87-4b28-47fc-a767-60f878fdc0a7<%|%>Prospecção ativa
eb3b05e5-d05e-4954-8b98-239ac2695d9e<%|%>Prospecção ativa
236774ea-8d33-440f-902a-1c24c5ee30d6<%|%>Prospecção ativa
c2096f0c-81cc-4acb-95dd-9d8c566b9c64<%|%>Indicação Robert 
7b734b39-17ac-4028-91ec-7201b72b2e69<%|%>Indicação Robert 
800af5c0-b9cd-414d-88e2-f4d23192bb08<%|%>Prospecção ativa
568daabb-e632-49e9-8578-bfec4b177079<%|%>Indicação de parceiro (Edson)
2b3f6902-d7fc-4b9b-a628-3b483f9c99eb<%|%>Indicação do nosso parcerio Rogerio
71eebbff-3452-4665-93ca-9968b1472b1f<%|%>Indicação Felipe Reis (grafica) 
8abdd422-e017-4a28-be01-516fa806b7c1<%|%>Prospecção ativa
52b26fd8-3c4f-4299-82f9-68b249619a70<%|%>Prospecção ativa
40c491da-626a-4673-b76f-2a97bfcf3181<%|%>Prospecção ativa
62d4f3b1-63ae-4577-bee2-e912e1367642<%|%>Prospeccao ativa
287f765f-33de-4bcf-803b-b0e04c6f38ce<%|%>Indicação de Parceiro (Luan)
c9c02a7a-7139-4364-8ad1-f44772ba2110<%|%>Prospeccao ativa
acc990ac-e6e7-443d-85af-41a8f3762bad<%|%>Indicação Parceiro João 
f91d4c6c-2417-4420-99dd-cc1b7c365318<%|%>Prospecção ativa
23f0a170-c5b7-4b58-a74c-07411a4283a6<%|%>Prospecção ativa
41485a52-958b-4be1-a560-08063eb566c7<%|%>Prospecção ativa
b01b2c7b-2ecc-4655-97a2-f663b6321cd2<%|%>Prospecção ativa
0dda94c9-8340-4a1b-83e5-c03829569644<%|%>Prospecção ativa
2c2bb880-0316-43c9-aaaf-cfd411058c0a<%|%>Prospecção ativa
9d8d67c5-32d9-4d84-9eb2-f825a2642da5<%|%>Prospecção ativa
77fcf061-e58c-4e30-8f6d-84f137d06fb1<%|%>Prospeccao ativa
59f95f31-20ff-4d4c-912a-05c53b4b35bb<%|%>Prospecção ativa
ec7c623e-236c-4812-b540-29f585c6f97f<%|%>Indicação do nosso parcerio Rogerio 
e7874496-7081-489d-be88-1cecb8e11056<%|%>Prospecção ativa
ea1704d6-97ee-45d1-ba83-0866ec1f3cd8<%|%>Prospecção ativa
84ffaf05-3e8f-4103-9793-8bcd0da4cafb<%|%>Indicação de Parceiro (Luan)
910e1f0f-78dd-4a4a-8bf2-13ee9ac0a9fe<%|%>Prospecção ativa
ca4af616-a8e6-443b-b0fc-4255b54745bc<%|%>Indicação de parceiro (Dudu)
d633a3b8-2661-4df5-8b1e-593e5067a9ae<%|%>Indicação de parceiro (Claudio)
ba5200ac-d39f-46fb-84a9-c64976c12c8f<%|%>Prospeccao ativa
49081fe4-e1fa-496b-9d31-4700ab6afaab<%|%>Prospeccao ativa
865cc8da-806b-43b0-b666-a53cca7e2037<%|%>Prospeccao ativa
d1acb7f7-6399-47db-960c-b27d5bdf181c<%|%>Indicação de parceiro (Edson)
c2d544da-42d8-48cd-a2d9-269bb38eba8e<%|%>Indicação de parceiro (Edson)
a0727765-014f-4b6a-abf0-f7c6a4f17d10<%|%>Indicação de parceiro (Edson)
ff8625b4-9984-462a-a2e4-7d456563bbf9<%|%>
e344d2b8-aef5-40b3-ada2-882d3ba91425<%|%>Indicação de parceiro (Edson)
265cc602-60f4-4168-8964-7bdf96b0f528<%|%>Indicação de parceiro (Edson)
9efbad0d-ca71-4440-8327-716f60700a36<%|%>Prospecção ativa
79e514f7-a687-4e63-aeec-c9b64faecf86<%|%>Indicacao de parceiro
26248fc0-5554-4a70-9c5c-c9b448ee487d<%|%>Indicação de parceiro (João)
a678cc8d-28dc-4cce-bfea-8dbf21d0be31<%|%>Indicação Bruno Contador
5fe8158a-25bc-4b6c-a47b-c59e1d37be8a<%|%>Indicação Guilherme 
fe243aae-c13b-41fc-8372-2fb10f7f3ce2<%|%>Indicacao de parceiro
ff235f10-81e5-44a6-9365-71abbafc14e4<%|%>Indicação de parceiro (Edson)
9e0c2881-0aa3-4ffc-ad70-ecd9644a11b6<%|%>Indicacao de parceiro
febed5cc-eadf-4dfe-af72-3190e271a409<%|%>Indicação de parceiro (Edson)
1e0ced5e-de53-4f0a-a049-7572096bdf0f<%|%>Indicação de Parceiro (Claudio)
6a2ce959-e8a0-483a-afee-156df0951cba<%|%>Prospecção ativa
3c737209-4242-44d9-9514-ca597473ecf4<%|%>Indicação de parceiro (Robert)
32c0bfe4-7e53-4fde-ae62-7aa2190370ac<%|%>Indicação de parceiro (Edson)
663cc68c-af15-4896-a1c0-ba1f37e2ebd0<%|%>Indicação de parceiro (Edson)
4e1be579-0436-45e7-8210-42d1575da458<%|%>Indicação de parceiro (Edson)
2c3c5773-32bd-41a8-bef9-843622b8d5ce<%|%>Indicação de parceiro (Edson)
a0c2e41d-aa00-4795-8f96-1eddbcb2900f<%|%>Indicação de parceiro (Edson)
cce9b8de-1ddb-4439-8967-3ee15a45da58<%|%>Indicação de parceiro (Dudu)
6fe8206a-d540-42a7-96e3-8fc9ee4faa48<%|%>Indicação Bruno Contador
f446c436-a73e-44af-927c-5453c0d09784<%|%>Prospecção ativa
6e59a5d3-ea79-4429-887c-187fbb11b1f2<%|%>Indicação de parceiro (Claudio)
3fbc30e5-ef75-4a9c-b0c9-6647670681a5<%|%>Indicação de parceiro (João)
800ab349-5451-496e-87cd-c3b038a89af5<%|%>Indicação de parceiro (Edson)
cafbc8d3-e0c4-47f5-b434-9e087f571b39<%|%>Indicação Bruno Contador
9b3443fb-6211-4346-b0ac-d4b06975c040<%|%>Indicação Robert 
8df6b374-030b-4a2e-a5be-63ed11dcf0f2<%|%>Indicação Kaynan 
22d387f5-44bf-4605-95e8-54fe34b9b14a<%|%>Prospecção ativa
a1bcec3b-2c5e-4d45-b8d3-ace32d69e347<%|%>Base clientes Sergio 
23a66bdb-07ef-43b9-ba22-b129b7656a7a<%|%>Indicação de parceiro (Robert)
fb94631e-1715-4782-a34b-5a2981a4e12a<%|%>Indicação do Kaua 
bd33c0e1-64f5-4be7-8a58-e045a3ee9540<%|%>Tráfego pago
d34e8237-5434-4a28-953c-4ba43412adbb<%|%>Indicação Kaynan 
525e34e8-eacb-4151-9ff9-09e38edc026f<%|%>Indicação parceiro Edson 
0540198a-acce-4b69-a7b5-86f7e06ce1d5<%|%>Indicação de parceiro (Dudu)
0a148d2e-1182-4919-b17e-c5d63ce2290e<%|%>Indicação de parceiro (Lilian)
15eb15af-c338-474d-932a-30d5f8bbac38<%|%>Indicação de parceiro (Luan)
4f12009b-2ca7-4f7f-ac5d-a239f587d7d9<%|%>Indicação Felipe Reis (grafica)
e271e4fe-9934-45e7-bb79-4286da78595c<%|%>Indicação de parceiro (Vinicius)
b482bc2f-ed33-4039-a6fd-db9a7a93052b<%|%>Indicação do nosso parceiro Luan 
ad0f7605-9d29-4231-85e2-ca03a55c42e8<%|%>Indicação de Parceiro (James)
033299c1-9df8-419c-bdc2-4bd6009d2655<%|%>Venda Ernandes 
668e3873-2c4a-4653-9baa-0e0c7905ff15<%|%>Prospecção ativa
e8da7953-ff31-447c-98bc-102c28485796<%|%>Prospecção ativa
17fd9f2b-5add-4d7c-bd88-8f89667fe575<%|%>Prospecção ativa
1f7caf66-9fd8-434a-a1b7-05ba675ae421<%|%>Prospecção ativa
9841b905-1f28-4cc2-b513-195c218cb343<%|%>Prospecção ativa
244df4ae-c7ac-4180-a67d-2913e9b4068f<%|%>Prospecção ativa
24f4e6f8-6ef3-4539-83c7-09061122844d<%|%>Prospecção ativa
ccc80f16-028e-4da3-b997-8bd16316a8dc<%|%>Prospecção ativa
123f6ca8-3b8b-47a1-8079-327d3fac5934<%|%>Prospecção ativa
c15a10ed-5b55-41d6-97d5-a68178cb75c2<%|%>Prospecção ativa
3e2cb256-ea4d-480c-a751-ab14aa3b0219<%|%>Prospecção ativa
f9005b10-450e-476b-8280-cc7478176a12<%|%>Prospecção ativa
31b5c151-7ceb-4847-9d5e-b68479fee354<%|%>Prospecção ativa
4a764fc7-cfdf-4bcc-b1dc-9788526a2b44<%|%>Prospecção ativa
f6bc6cd4-24b4-4f45-80ea-67ee56c22b95<%|%>Prospecção ativa
4b58bb99-3780-49a5-bcdf-6b46d7a886ec<%|%>Prospecção ativa
257a7dc9-9abd-4459-a1ed-8cc6d1e6d796<%|%>Prospecção ativa
b9a6e1a7-f5c1-4de9-8a79-1a727e074ad0<%|%>Prospecção ativa
638e8f16-3cdc-4a05-8b99-3de3a79aa7e9<%|%>Prospecção ativa
89334644-2620-4318-bd80-bc84c67a35ad<%|%>Prospecção ativa
4f20122b-591f-40ca-b818-3c4b0f18122f<%|%>Prospecção ativa
7e1ac7fa-34e2-4b8e-bfd3-fa659fb93551<%|%>Prospecção ativa
7ba4f459-84f1-494c-b2d3-a8430cb5d53b<%|%>Prospecção ativa
2d52f4e7-4c34-4c5f-922f-6eeee73cef80<%|%>Prospecção ativa
b8d487ec-dcbc-41e1-a35c-7f34803bb42b<%|%>Prospecção ativa
e7cf1ff4-1cdd-4263-a211-c977c2995c84<%|%>Prospecção ativa
1ccd87ac-7747-4f2d-a83c-50b95f6301ff<%|%>Prospecção ativa
31152267-6b34-459c-845a-4065370fc831<%|%>Prospecção ativa
45643ed5-88cd-40de-a83c-e33abf3e297a<%|%>Prospecção ativa
30d25ac4-311a-48af-b82f-4ac28a2dcba3<%|%>Indicação Bruno Contador 
